Actual Total Spent,Predicted Total Spent
164.0,164.0
134.0,134.0
40.0,40.0
44.0,44.0
96.0,96.0
43.0,43.0
165.0,165.0
82.0,82.0
14.0,14.0
161.0,164.14845677122005
45.5,45.5
255.5,255.5
62.5,62.5
215.0,215.0
55.5,55.5
116.0,94.39223298722649
213.5,213.5
69.0,71.92681612836755
6.5,6.5
79.0,79.0
44.0,44.0
230.0,226.9488188057295
138.0,139.80566179357885
110.0,110.0
160.0,160.0
180.0,180.0
328.5,328.5
39.0,39.0
19.5,19.5
274.5,274.5
39.5,39.5
99.0,99.0
40.0,40.0
22.0,22.0
55.0,55.0
116.0,116.0
280.0,188.9434315670455
76.0,76.0
245.0,245.0
72.0,72.0
164.0,164.0
75.0,75.0
72.0,72.0
174.0,174.0
25.0,111.97754188155072
156.0,156.0
98.0,98.0
33.5,33.5
78.0,78.0
36.5,36.5
201.0,201.0
152.0,152.0
275.0,275.0
192.0,192.0
182.0,182.0
153.0,153.0
22.0,47.541653916511166
180.0,180.0
25.0,25.0
292.0,292.0
232.0,188.9434315670455
55.0,55.0
192.0,192.0
44.0,44.0
174.0,174.0
275.0,275.0
20.0,94.39223298722649
98.0,98.0
100.5,100.5
220.0,220.0
153.0,153.0
203.0,203.0
230.0,226.9488188057295
112.0,112.0
256.0,256.0
224.0,224.0
245.0,245.0
335.0,335.0
118.5,118.5
365.0,365.0
129.0,129.0
158.0,158.0
245.0,245.0
16.0,47.541653916511166
380.0,380.0
119.0,119.0
304.0,304.0
207.0,207.64212927806162
115.0,111.97754188155072
128.0,128.0
109.5,109.5
14.0,14.0
10.0,10.0
237.0,237.0
56.0,56.0
161.0,164.14845677122005
203.0,203.0
129.0,129.0
150.5,150.5
77.5,77.5
328.0,328.0
69.0,71.92681612836755
80.0,80.0
152.5,152.5
72.0,72.0
42.0,42.0
129.0,129.0
167.5,167.5
275.0,275.0
77.5,77.5
266.0,266.0
210.0,210.0
88.0,88.0
52.0,52.0
193.5,193.5
156.0,156.0
275.0,275.0
80.0,80.0
85.5,85.5
112.0,112.0
201.0,201.0
13.0,13.0
224.0,224.0
210.0,210.0
14.0,14.0
30.5,30.5
110.0,226.9488188057295
75.0,75.0
17.0,17.0
47.5,47.5
213.5,213.5
57.0,57.0
62.0,62.0
95.0,95.0
130.0,130.0
237.0,237.0
45.0,45.0
152.0,152.0
57.0,57.0
410.0,410.0
47.5,47.5
75.0,75.0
92.0,94.39223298722649
43.0,43.0
280.0,280.0
342.0,342.0
137.5,137.5
150.5,164.14845677122005
137.5,137.5
172.0,172.0
82.5,82.5
13.0,47.541653916511166
165.0,165.0
120.0,120.0
80.0,80.0
57.0,57.0
39.0,39.0
46.5,46.5
255.5,164.14845677122005
190.0,190.0
196.0,196.0
77.0,77.0
174.0,174.0
86.0,86.0
150.5,150.5
91.5,91.5
215.0,215.0
62.0,62.0
80.0,80.0
76.0,76.0
292.0,292.0
10.0,10.0
61.0,61.0
77.5,77.5
27.5,27.5
77.5,77.5
119.0,119.0
305.0,305.0
152.0,152.0
12.5,12.5
24.0,24.0
98.0,98.0
80.0,94.39223298722649
292.0,188.9434315670455
335.0,335.0
32.5,32.5
182.5,182.5
88.0,88.0
93.0,93.0
109.5,109.5
77.0,77.0
304.0,304.0
165.0,139.80566179357885
136.0,136.0
66.0,66.0
18.5,18.5
66.0,66.0
110.0,94.39223298722649
21.5,21.5
48.0,48.0
268.0,188.9434315670455
175.0,175.0
62.0,62.0
152.5,152.5
280.0,280.0
174.0,174.0
95.0,95.0
152.0,152.0
52.0,52.0
36.5,36.5
20.0,20.0
77.0,77.0
118.5,118.5
210.0,210.0
100.5,100.5
40.0,40.0
77.0,77.0
276.5,276.5
256.0,256.0
172.0,172.0
228.0,228.0
232.0,232.0
6.5,6.5
29.0,29.0
395.0,395.0
152.0,152.0
201.0,201.0
11.0,11.0
175.0,175.0
41.0,41.0
80.0,80.0
40.0,40.0
147.0,147.0
96.0,96.0
213.5,213.5
234.0,234.0
12.5,12.5
196.0,196.0
62.0,62.0
328.0,328.0
160.0,160.0
126.0,126.0
64.0,64.0
140.0,140.0
31.0,47.541653916511166
37.0,37.0
24.0,24.0
145.0,145.0
9.5,9.5
36.5,36.5
122.5,122.5
40.0,40.0
288.0,288.0
93.0,93.0
86.0,86.0
12.5,12.5
73.0,73.0
304.0,304.0
23.0,23.692811884371554
60.0,60.0
38.0,38.0
192.5,192.5
32.5,32.5
180.0,180.0
292.0,292.0
15.5,15.5
76.0,47.541653916511166
192.5,192.5
62.5,62.5
410.0,410.0
116.0,116.0
60.0,60.0
261.0,261.0
50.0,50.0
170.0,170.0
395.0,395.0
261.0,261.0
365.0,365.0
228.0,228.0
200.0,200.0
111.0,111.0
70.0,111.97754188155072
174.0,174.0
33.5,33.5
52.0,52.0
160.0,160.0
167.5,167.5
171.5,171.5
96.0,71.92681612836755
180.0,180.0
123.0,123.0
164.0,164.0
38.0,38.0
167.5,167.5
37.5,37.5
15.0,15.0
350.0,350.0
82.0,82.0
112.5,112.5
146.0,146.0
161.0,164.14845677122005
46.5,71.92681612836755
35.0,35.0
184.0,188.9434315670455
193.5,207.64212927806162
112.5,207.64212927806162
172.0,172.0
315.0,315.0
82.5,82.5
128.0,128.0
14.0,14.0
287.0,287.0
69.0,71.92681612836755
138.0,139.80566179357885
255.5,255.5
210.0,210.0
44.0,44.0
171.5,171.5
31.0,31.0
380.0,380.0
38.0,38.0
205.0,205.0
47.5,47.5
328.5,207.64212927806162
80.0,80.0
205.0,205.0
21.5,21.5
102.0,102.0
86.0,94.39223298722649
125.0,125.0
380.0,380.0
115.0,111.97754188155072
129.0,129.0
145.0,145.0
96.0,71.92681612836755
77.5,77.5
41.0,41.0
51.0,51.0
180.0,180.0
26.0,26.0
122.0,122.0
5.0,5.0
180.0,180.0
395.0,395.0
64.5,64.5
41.0,41.0
93.0,93.0
80.0,80.0
93.0,93.0
220.0,220.0
69.0,71.92681612836755
24.0,24.0
70.0,70.0
24.5,24.5
192.0,192.0
19.5,19.5
93.0,93.0
80.0,80.0
66.5,66.5
74.0,94.39223298722649
27.5,27.5
72.0,72.0
39.0,39.0
152.5,152.5
10.0,10.0
13.0,13.0
138.0,139.80566179357885
232.0,232.0
19.5,19.5
10.0,10.0
34.0,34.0
44.0,44.0
41.0,41.0
40.0,40.0
123.0,123.0
114.0,114.0
25.0,25.0
39.0,39.0
126.0,126.0
130.0,130.0
150.5,150.5
62.0,62.0
98.0,164.14845677122005
288.0,288.0
26.0,26.0
20.0,20.0
102.0,102.0
52.0,52.0
13.0,13.0
15.5,15.5
126.0,126.0
266.0,266.0
261.0,261.0
280.0,280.0
145.0,145.0
129.0,129.0
182.5,182.5
193.5,193.5
245.0,245.0
86.0,86.0
156.0,156.0
304.0,304.0
208.0,208.0
25.0,25.0
26.0,26.0
62.0,62.0
129.0,129.0
45.0,45.0
126.0,126.0
55.0,55.0
160.0,160.0
304.0,304.0
164.0,94.39223298722649
288.0,288.0
93.0,93.0
98.0,98.0
100.5,100.5
110.0,110.0
57.0,57.0
26.0,26.0
50.0,50.0
122.5,122.5
77.5,77.5
328.5,328.5
110.0,110.0
58.0,58.0
45.0,45.0
15.0,15.0
88.0,88.0
100.0,100.0
301.5,301.5
98.0,98.0
40.0,47.541653916511166
24.5,24.5
119.0,119.0
11.0,11.0
5.0,5.0
200.0,200.0
183.0,183.0
280.0,280.0
193.5,193.5
26.0,26.0
247.5,247.5
350.0,350.0
220.0,220.0
138.0,139.80566179357885
275.0,275.0
22.0,22.0
80.0,80.0
147.0,147.0
380.0,380.0
66.0,66.0
128.0,128.0
228.0,228.0
369.0,207.64212927806162
305.0,305.0
27.5,27.5
107.5,111.97754188155072
115.0,111.97754188155072
287.0,287.0
245.0,245.0
328.0,328.0
39.5,39.5
213.5,213.5
64.5,64.5
304.0,304.0
64.0,64.0
69.0,71.92681612836755
25.0,25.0
287.0,287.0
30.0,30.0
100.5,100.5
40.0,40.0
25.0,25.0
98.0,98.0
268.0,188.9434315670455
86.0,86.0
80.0,80.0
41.0,41.0
88.0,88.0
167.5,167.5
93.0,93.0
38.0,38.0
18.5,18.5
14.0,14.0
410.0,410.0
110.0,110.0
245.0,245.0
42.0,42.0
112.0,112.0
292.0,292.0
172.0,172.0
88.0,88.0
38.0,38.0
124.0,124.0
180.0,180.0
268.0,268.0
137.5,137.5
410.0,410.0
19.5,19.5
230.0,226.9488188057295
137.5,137.5
220.0,220.0
175.0,175.0
180.0,180.0
369.0,369.0
315.0,315.0
245.0,245.0
167.5,167.5
56.0,56.0
342.0,342.0
156.0,139.80566179357885
165.0,165.0
84.0,84.0
52.0,52.0
33.5,33.5
304.0,304.0
287.0,164.14845677122005
31.0,31.0
139.5,139.5
104.0,104.0
79.0,79.0
16.0,16.0
136.0,136.0
207.0,207.64212927806162
182.5,182.5
45.5,45.5
60.0,60.0
228.0,228.0
84.0,84.0
134.0,134.0
215.0,215.0
410.0,410.0
40.0,40.0
256.0,256.0
40.0,40.0
32.0,32.0
13.0,13.0
205.0,205.0
328.0,328.0
35.0,35.0
234.0,234.0
18.5,18.5
275.0,275.0
57.0,57.0
88.0,88.0
39.5,39.5
200.0,200.0
44.0,44.0
193.5,193.5
82.0,82.0
77.0,77.0
68.0,68.0
164.0,164.0
38.0,38.0
17.0,17.0
80.0,80.0
14.0,14.0
40.0,47.541653916511166
64.0,64.0
100.5,100.5
82.0,82.0
77.0,77.0
130.0,130.0
65.0,65.0
32.0,32.0
123.0,123.0
328.0,328.0
76.0,76.0
184.0,188.9434315670455
102.0,102.0
182.5,182.5
64.5,64.5
201.0,201.0
77.5,77.5
126.0,126.0
301.5,301.5
276.5,276.5
174.0,174.0
25.0,25.0
244.0,244.0
200.0,200.0
40.0,111.97754188155072
102.0,102.0
150.5,150.5
58.5,58.5
100.5,100.5
208.0,208.0
30.0,30.0
125.0,125.0
9.5,9.5
34.0,34.0
320.0,320.0
99.0,99.0
24.5,24.5
158.0,158.0
49.0,49.0
26.0,26.0
56.0,56.0
246.0,246.0
75.0,75.0
183.0,183.0
27.5,27.5
25.0,25.0
84.0,84.0
220.5,220.5
182.0,182.0
118.5,118.5
35.0,35.0
184.0,188.9434315670455
29.0,29.0
57.0,57.0
207.0,207.64212927806162
45.5,45.5
203.0,203.0
280.0,280.0
174.0,174.0
102.0,102.0
45.5,45.5
165.0,165.0
66.0,66.0
148.0,148.0
110.0,110.0
120.0,120.0
182.0,182.0
148.0,148.0
64.5,64.5
14.0,14.0
147.0,147.0
19.5,19.5
335.0,335.0
80.0,80.0
16.0,16.0
122.5,122.5
355.5,355.5
77.5,77.5
161.0,164.14845677122005
124.0,124.0
230.0,226.9488188057295
110.0,110.0
174.0,139.80566179357885
130.0,130.0
42.0,42.0
288.0,288.0
220.0,220.0
256.0,256.0
24.0,24.0
210.0,210.0
86.0,86.0
246.0,246.0
64.0,64.0
192.5,192.5
138.0,139.80566179357885
80.0,226.9488188057295
247.5,247.5
20.0,20.0
145.0,145.0
91.5,91.5
120.0,120.0
34.0,34.0
167.5,167.5
245.0,245.0
73.5,71.92681612836755
52.0,52.0
32.5,32.5
125.0,125.0
55.0,55.0
292.0,292.0
6.5,6.5
58.5,58.5
136.0,136.0
32.0,32.0
77.5,77.5
228.0,228.0
369.0,369.0
130.0,130.0
26.0,26.0
174.0,174.0
114.0,114.0
224.0,224.0
245.0,245.0
369.0,369.0
203.0,203.0
64.0,64.0
134.0,134.0
305.0,305.0
213.5,213.5
174.0,174.0
20.0,20.0
55.0,55.0
31.0,31.0
224.0,224.0
25.0,25.0
74.0,74.0
93.0,93.0
304.0,304.0
138.0,139.80566179357885
122.5,122.5
167.5,111.97754188155072
38.0,38.0
47.5,47.5
28.0,28.0
78.0,78.0
8.0,8.0
139.5,139.5
316.0,316.0
228.0,228.0
116.0,116.0
61.0,61.0
48.0,48.0
88.0,88.0
190.0,190.0
215.0,215.0
6.5,6.5
40.0,40.0
260.0,260.0
292.0,292.0
246.0,246.0
244.0,244.0
193.5,193.5
98.0,94.39223298722649
228.0,228.0
76.0,76.0
93.0,139.80566179357885
152.0,152.0
84.0,139.80566179357885
230.0,226.9488188057295
87.5,87.5
76.0,76.0
245.0,245.0
203.0,203.0
87.0,87.0
19.0,19.0
70.0,70.0
328.0,328.0
174.0,174.0
87.5,87.5
167.5,167.5
98.0,98.0
228.0,228.0
39.0,39.0
123.0,123.0
88.0,88.0
110.0,110.0
56.0,56.0
134.0,134.0
130.0,130.0
153.0,207.64212927806162
32.0,32.0
80.0,80.0
287.0,287.0
184.0,188.9434315670455
146.0,146.0
57.0,57.0
224.0,224.0
305.0,305.0
268.0,268.0
47.5,47.5
58.0,58.0
76.0,76.0
203.0,203.0
182.0,182.0
369.0,369.0
108.5,108.5
70.0,70.0
156.0,156.0
292.0,292.0
39.5,39.5
365.0,365.0
82.0,82.0
395.0,395.0
29.0,29.0
219.0,219.0
100.5,100.5
320.0,320.0
33.5,33.5
230.0,226.9488188057295
342.0,342.0
220.0,220.0
244.0,244.0
116.0,116.0
30.5,30.5
77.5,77.5
112.5,112.5
160.0,160.0
10.0,10.0
130.0,130.0
15.5,15.5
13.0,13.0
102.0,102.0
100.0,100.0
35.0,35.0
50.0,50.0
37.5,37.5
290.0,290.0
77.5,77.5
67.0,67.0
35.0,35.0
20.0,20.0
136.0,136.0
60.0,60.0
201.0,201.0
27.5,27.5
32.5,32.5
95.0,95.0
33.5,33.5
350.0,350.0
184.0,188.9434315670455
14.0,14.0
45.0,45.0
21.5,21.5
305.0,305.0
100.5,100.5
15.5,23.692811884371554
84.0,84.0
56.0,56.0
167.5,167.5
165.0,165.0
43.0,43.0
260.0,260.0
255.5,255.5
51.0,51.0
46.0,47.541653916511166
180.0,180.0
80.0,80.0
25.0,25.0
32.0,32.0
150.5,150.5
355.5,355.5
42.0,42.0
38.0,38.0
123.0,123.0
118.5,118.5
24.0,24.0
22.0,22.0
328.5,328.5
35.0,35.0
88.0,188.9434315670455
32.0,32.0
146.0,146.0
166.5,166.5
120.0,120.0
64.0,64.0
58.5,58.5
52.0,52.0
395.0,395.0
67.0,67.0
335.0,335.0
124.0,124.0
138.0,139.80566179357885
110.0,110.0
355.5,355.5
290.0,290.0
275.0,226.9488188057295
98.0,98.0
160.0,160.0
230.0,226.9488188057295
234.5,234.5
35.0,35.0
75.0,75.0
245.0,245.0
180.0,180.0
320.0,320.0
9.5,9.5
232.0,232.0
25.0,25.0
57.0,57.0
350.0,350.0
122.5,122.5
87.5,164.14845677122005
292.0,292.0
108.5,108.5
125.0,125.0
75.0,75.0
201.0,201.0
350.0,350.0
39.5,39.5
328.5,328.5
245.0,245.0
183.0,183.0
219.0,219.0
203.0,203.0
64.0,64.0
32.5,32.5
78.0,78.0
167.5,167.5
125.0,125.0
22.0,22.0
32.0,32.0
203.0,203.0
15.0,15.0
32.0,32.0
12.5,12.5
78.0,78.0
275.0,275.0
140.0,140.0
119.0,119.0
124.0,124.0
155.0,155.0
46.5,46.5
41.0,41.0
33.5,33.5
35.0,35.0
109.5,109.5
261.0,261.0
288.0,288.0
220.0,220.0
134.0,134.0
99.0,99.0
201.0,201.0
17.0,17.0
120.0,120.0
35.0,35.0
320.0,320.0
172.0,172.0
19.0,47.541653916511166
32.0,32.0
29.0,29.0
40.0,40.0
165.0,165.0
167.5,167.5
80.0,80.0
200.0,200.0
320.0,320.0
183.0,183.0
123.0,71.92681612836755
369.0,369.0
234.0,234.0
261.0,261.0
208.0,208.0
56.0,56.0
60.0,60.0
123.0,123.0
40.0,40.0
57.0,57.0
25.0,25.0
21.5,23.692811884371554
118.5,118.5
33.5,33.5
73.0,73.0
75.0,75.0
66.5,66.5
66.5,66.5
134.0,134.0
165.0,165.0
256.0,256.0
190.0,190.0
26.0,26.0
167.5,111.97754188155072
203.0,164.14845677122005
65.0,65.0
148.0,188.9434315670455
280.0,280.0
213.5,213.5
120.0,139.80566179357885
29.0,29.0
26.0,26.0
32.0,32.0
55.0,55.0
28.0,28.0
78.0,78.0
55.0,55.0
62.0,62.0
24.0,24.0
46.5,46.5
11.0,11.0
48.0,48.0
108.5,108.5
152.0,152.0
17.0,17.0
224.0,164.14845677122005
150.5,150.5
165.0,165.0
139.5,139.5
67.0,67.0
66.5,66.5
136.0,136.0
14.0,14.0
146.0,146.0
73.0,73.0
33.5,33.5
23.0,23.692811884371554
76.0,76.0
116.0,116.0
234.5,234.5
152.5,152.5
244.0,188.9434315670455
268.0,268.0
27.5,27.5
93.0,93.0
170.0,170.0
23.0,23.692811884371554
77.0,77.0
193.5,193.5
25.0,25.0
156.0,156.0
48.0,48.0
304.0,304.0
380.0,380.0
91.5,91.5
201.0,201.0
123.0,123.0
220.5,220.5
146.0,146.0
268.0,268.0
126.0,126.0
66.0,66.0
138.0,139.80566179357885
175.0,175.0
256.0,256.0
193.5,193.5
137.5,137.5
73.0,73.0
237.0,237.0
230.0,226.9488188057295
182.5,182.5
87.0,87.0
114.0,114.0
15.5,15.5
19.0,19.0
32.5,32.5
46.0,47.541653916511166
410.0,410.0
39.0,39.0
137.5,137.5
23.0,23.692811884371554
105.0,105.0
192.5,192.5
328.0,328.0
12.5,12.5
230.0,226.9488188057295
13.0,13.0
152.0,152.0
40.0,40.0
234.0,234.0
256.0,188.9434315670455
39.0,39.0
64.5,64.5
100.0,100.0
23.0,23.692811884371554
28.5,28.5
410.0,410.0
47.5,47.5
13.0,13.0
220.0,220.0
230.0,226.9488188057295
25.0,25.0
10.0,10.0
292.0,292.0
232.0,232.0
102.0,102.0
197.5,197.5
112.5,112.5
246.0,246.0
137.5,111.97754188155072
6.5,6.5
380.0,226.9488188057295
228.0,228.0
230.0,226.9488188057295
57.0,57.0
170.0,170.0
266.0,266.0
13.0,13.0
32.0,32.0
27.5,27.5
112.5,207.64212927806162
24.0,24.0
184.0,188.9434315670455
42.0,42.0
380.0,226.9488188057295
365.0,226.9488188057295
255.5,255.5
35.0,35.0
219.0,219.0
208.0,188.9434315670455
73.5,73.5
276.5,276.5
95.0,95.0
20.0,20.0
39.5,39.5
40.0,40.0
120.0,120.0
152.5,152.5
40.0,40.0
24.5,24.5
6.5,6.5
292.0,292.0
5.0,5.0
62.5,62.5
165.0,165.0
26.0,26.0
38.0,38.0
114.0,114.0
182.0,182.0
39.0,39.0
100.0,188.9434315670455
43.0,43.0
145.0,145.0
234.5,234.5
190.0,190.0
21.5,21.5
84.0,84.0
82.0,82.0
26.0,26.0
171.5,171.5
62.0,62.0
201.0,201.0
28.5,28.5
87.0,87.0
137.5,137.5
68.0,68.0
230.0,226.9488188057295
245.0,245.0
208.0,208.0
139.5,139.5
87.0,87.0
280.0,280.0
328.0,328.0
123.0,123.0
335.0,335.0
245.0,245.0
153.0,153.0
73.5,73.5
98.0,98.0
33.0,33.0
274.5,274.5
50.0,50.0
174.0,174.0
125.0,125.0
119.0,119.0
369.0,369.0
150.5,150.5
129.5,129.5
24.0,24.0
29.0,29.0
119.0,119.0
36.5,36.5
50.0,50.0
29.0,29.0
130.0,130.0
92.0,94.39223298722649
23.0,23.692811884371554
137.5,137.5
304.0,304.0
75.0,75.0
41.0,41.0
287.0,287.0
35.0,35.0
17.0,17.0
8.0,8.0
104.0,104.0
128.0,94.39223298722649
130.0,130.0
171.5,171.5
200.0,200.0
57.0,57.0
130.0,130.0
116.0,116.0
47.5,47.5
320.0,320.0
148.0,148.0
44.0,44.0
395.0,395.0
174.0,174.0
46.0,47.541653916511166
60.0,60.0
10.0,47.541653916511166
182.0,182.0
19.5,19.5
35.0,35.0
58.0,58.0
190.0,190.0
98.0,98.0
155.0,155.0
50.0,50.0
88.0,88.0
87.5,87.5
41.0,23.692811884371554
37.5,37.5
78.0,78.0
43.0,43.0
25.0,25.0
200.0,200.0
146.0,146.0
31.0,31.0
66.0,66.0
304.0,304.0
34.0,47.541653916511166
128.0,128.0
55.5,55.5
23.0,23.692811884371554
110.0,110.0
320.0,320.0
245.0,245.0
37.0,37.0
112.5,112.5
150.5,150.5
174.0,174.0
38.0,38.0
288.0,288.0
146.0,146.0
9.5,9.5
110.0,110.0
160.0,160.0
73.5,73.5
320.0,320.0
155.0,155.0
152.0,152.0
30.0,30.0
32.5,32.5
39.0,39.0
210.0,210.0
68.0,68.0
62.5,62.5
234.0,234.0
12.5,12.5
207.0,207.64212927806162
261.0,261.0
355.5,355.5
55.0,55.0
150.5,150.5
304.0,304.0
39.5,39.5
156.0,156.0
369.0,207.64212927806162
220.5,220.5
109.5,109.5
33.5,33.5
210.0,139.80566179357885
26.0,26.0
56.0,56.0
92.0,94.39223298722649
234.5,234.5
26.0,26.0
75.0,75.0
70.0,70.0
316.0,316.0
25.0,25.0
70.0,70.0
61.0,61.0
174.0,174.0
67.0,67.0
342.0,342.0
150.5,150.5
24.5,23.692811884371554
64.0,64.0
205.0,205.0
215.0,215.0
112.5,112.5
50.0,50.0
19.5,19.5
147.0,147.0
45.5,45.5
129.0,129.0
29.0,29.0
205.0,205.0
152.0,152.0
190.0,190.0
72.0,72.0
60.0,60.0
26.0,26.0
20.0,20.0
76.0,76.0
146.0,146.0
75.0,75.0
100.0,100.0
260.0,260.0
105.0,105.0
315.0,315.0
34.0,34.0
51.0,51.0
76.0,76.0
51.0,51.0
22.0,22.0
78.0,78.0
14.0,14.0
78.0,78.0
100.0,100.0
161.0,164.14845677122005
275.0,275.0
100.5,71.92681612836755
35.0,35.0
112.0,112.0
193.5,193.5
52.0,47.541653916511166
175.0,175.0
246.0,139.80566179357885
122.0,122.0
410.0,410.0
19.0,19.0
9.5,9.5
164.0,164.0
234.0,234.0
156.0,156.0
165.0,165.0
138.0,139.80566179357885
228.0,228.0
156.0,139.80566179357885
395.0,395.0
190.0,190.0
38.0,38.0
56.0,56.0
48.0,48.0
73.5,73.5
266.0,266.0
246.0,246.0
146.0,146.0
183.0,183.0
68.0,68.0
260.0,260.0
139.5,207.64212927806162
10.0,10.0
33.5,33.5
190.0,190.0
50.0,50.0
100.5,100.5
64.0,64.0
35.0,35.0
219.0,219.0
184.0,188.9434315670455
62.5,62.5
15.5,15.5
50.0,50.0
37.5,37.5
140.0,140.0
234.0,234.0
147.0,147.0
129.0,129.0
25.0,25.0
104.0,104.0
220.5,220.5
116.0,116.0
150.5,150.5
365.0,365.0
80.0,80.0
43.0,43.0
234.5,234.5
46.0,47.541653916511166
140.0,140.0
109.5,109.5
55.0,55.0
10.0,10.0
64.0,64.0
8.0,8.0
37.5,37.5
42.0,42.0
193.5,193.5
182.0,182.0
40.0,40.0
197.5,197.5
234.5,234.5
167.5,167.5
112.0,112.0
244.0,244.0
160.0,160.0
100.5,100.5
112.0,188.9434315670455
72.0,72.0
45.5,45.5
140.0,140.0
167.5,167.5
192.5,192.5
72.0,72.0
192.0,192.0
158.0,158.0
25.0,25.0
275.0,275.0
116.0,116.0
288.0,288.0
164.0,164.0
129.0,129.0
99.0,99.0
180.0,180.0
124.0,124.0
205.0,205.0
67.0,67.0
161.0,164.14845677122005
161.0,164.14845677122005
110.0,110.0
122.5,122.5
88.0,188.9434315670455
70.0,70.0
139.5,139.5
256.0,256.0
70.0,70.0
180.0,180.0
76.0,76.0
148.0,188.9434315670455
100.5,100.5
57.0,57.0
275.0,275.0
328.5,328.5
207.0,207.64212927806162
180.0,180.0
38.0,38.0
201.0,201.0
184.0,188.9434315670455
328.0,328.0
120.0,120.0
32.5,111.97754188155072
120.0,120.0
193.5,193.5
25.0,25.0
72.0,72.0
185.0,185.0
46.0,47.541653916511166
8.0,8.0
39.0,39.0
287.0,287.0
80.0,80.0
78.0,78.0
152.0,152.0
73.5,73.5
150.5,150.5
165.0,165.0
268.0,268.0
234.0,207.64212927806162
137.5,137.5
274.5,274.5
93.0,93.0
215.0,215.0
92.5,92.5
82.5,82.5
290.0,290.0
96.0,96.0
37.5,37.5
120.0,120.0
213.5,164.14845677122005
350.0,350.0
184.0,188.9434315670455
280.0,280.0
266.0,266.0
66.0,66.0
120.0,120.0
58.5,207.64212927806162
119.0,119.0
112.5,207.64212927806162
185.0,226.9488188057295
51.0,51.0
237.0,237.0
192.5,192.5
201.0,201.0
316.0,316.0
26.0,26.0
28.0,28.0
165.0,165.0
380.0,380.0
70.0,70.0
123.0,123.0
98.0,98.0
410.0,410.0
85.5,85.5
380.0,380.0
42.0,42.0
164.0,164.0
58.0,58.0
37.0,37.0
305.0,305.0
120.0,120.0
45.0,45.0
119.0,119.0
72.0,72.0
224.0,164.14845677122005
38.0,38.0
92.0,94.39223298722649
122.0,122.0
60.0,60.0
57.0,57.0
328.0,328.0
304.0,304.0
220.0,220.0
275.0,275.0
31.0,31.0
160.0,160.0
174.0,174.0
126.0,126.0
92.5,92.5
174.0,174.0
64.5,64.5
111.0,111.0
158.0,158.0
88.0,88.0
107.5,107.5
115.0,111.97754188155072
92.5,92.5
213.5,213.5
237.0,237.0
47.5,47.5
268.0,268.0
73.0,73.0
82.0,82.0
365.0,365.0
134.0,134.0
35.0,35.0
152.0,152.0
171.5,171.5
305.0,305.0
65.0,65.0
156.0,156.0
64.0,64.0
145.0,145.0
182.5,182.5
183.0,183.0
80.0,80.0
77.5,77.5
138.0,139.80566179357885
165.0,165.0
111.0,111.0
66.5,66.5
115.0,111.97754188155072
14.0,14.0
268.0,268.0
160.0,111.97754188155072
36.5,36.5
183.0,183.0
26.0,26.0
136.0,136.0
26.0,26.0
100.0,100.0
24.0,24.0
230.0,226.9488188057295
266.0,266.0
395.0,395.0
152.0,152.0
120.0,120.0
410.0,410.0
316.0,316.0
100.0,100.0
125.0,125.0
33.0,33.0
76.0,76.0
268.0,268.0
128.0,128.0
158.0,158.0
124.0,124.0
328.5,328.5
33.5,33.5
182.0,182.0
320.0,226.9488188057295
76.0,76.0
129.5,129.5
146.0,146.0
219.0,219.0
164.0,164.0
107.5,107.5
34.0,34.0
66.5,66.5
205.0,205.0
184.0,188.9434315670455
100.0,100.0
65.0,65.0
171.5,171.5
152.0,152.0
260.0,260.0
130.0,130.0
246.0,246.0
153.0,153.0
65.0,65.0
23.0,23.692811884371554
244.0,244.0
45.0,45.0
120.0,120.0
8.0,8.0
152.0,152.0
40.0,40.0
66.5,66.5
197.5,197.5
180.0,180.0
69.0,71.92681612836755
100.5,100.5
87.5,87.5
228.0,228.0
86.0,86.0
17.0,17.0
58.5,58.5
55.0,55.0
410.0,410.0
410.0,410.0
207.0,207.64212927806162
266.0,266.0
115.0,111.97754188155072
32.0,32.0
134.0,134.0
315.0,315.0
208.0,208.0
108.5,108.5
58.0,58.0
92.5,92.5
100.5,100.5
88.0,88.0
25.0,25.0
184.0,188.9434315670455
33.5,33.5
138.0,139.80566179357885
320.0,320.0
145.0,145.0
156.0,156.0
29.0,29.0
146.0,146.0
66.0,66.0
52.0,52.0
20.0,20.0
102.0,102.0
328.5,328.5
77.0,77.0
27.5,27.5
140.0,140.0
67.0,67.0
274.5,274.5
111.0,111.0
44.0,44.0
245.0,245.0
62.0,62.0
275.0,275.0
55.0,55.0
79.0,79.0
200.0,200.0
80.0,80.0
183.0,183.0
80.0,80.0
107.5,107.5
305.0,305.0
190.0,190.0
32.0,32.0
185.0,185.0
230.0,226.9488188057295
93.0,93.0
320.0,320.0
46.5,46.5
28.5,28.5
77.5,77.5
110.0,110.0
22.0,22.0
165.0,165.0
56.0,56.0
5.0,5.0
184.0,188.9434315670455
123.0,123.0
48.0,48.0
280.0,280.0
93.0,93.0
232.0,232.0
9.5,9.5
57.0,57.0
182.5,182.5
87.0,87.0
24.5,24.5
23.0,23.692811884371554
78.0,78.0
146.0,146.0
104.0,104.0
261.0,261.0
107.5,107.5
28.0,47.541653916511166
148.0,148.0
232.0,232.0
56.0,56.0
85.5,85.5
31.0,31.0
110.0,110.0
266.0,266.0
268.0,268.0
110.0,110.0
82.0,82.0
350.0,350.0
55.5,55.5
64.0,64.0
87.5,87.5
124.0,124.0
88.0,88.0
208.0,208.0
43.0,43.0
33.0,33.0
247.5,247.5
110.0,110.0
49.0,49.0
196.0,196.0
85.5,85.5
220.0,220.0
73.0,73.0
8.0,8.0
224.0,224.0
201.0,201.0
124.0,124.0
185.0,185.0
261.0,261.0
87.5,164.14845677122005
155.0,155.0
40.0,40.0
171.5,171.5
304.0,304.0
33.5,33.5
139.5,139.5
305.0,305.0
192.0,192.0
105.0,105.0
228.0,228.0
274.5,274.5
5.0,5.0
62.0,62.0
196.0,196.0
20.0,20.0
122.0,122.0
38.0,38.0
74.0,74.0
183.0,183.0
147.0,147.0
25.0,25.0
66.0,66.0
49.0,49.0
114.0,114.0
268.0,188.9434315670455
74.0,74.0
130.0,130.0
172.0,172.0
118.5,118.5
92.0,94.39223298722649
210.0,210.0
190.0,190.0
139.5,139.5
44.0,44.0
287.0,287.0
98.0,98.0
261.0,261.0
23.0,23.692811884371554
201.0,201.0
184.0,188.9434315670455
224.0,224.0
32.0,32.0
122.5,122.5
39.0,39.0
28.0,28.0
22.0,47.541653916511166
110.0,110.0
40.0,40.0
215.0,215.0
146.0,146.0
123.0,123.0
25.0,25.0
21.5,21.5
20.0,20.0
116.0,116.0
108.5,108.5
20.0,20.0
20.0,20.0
184.0,188.9434315670455
32.0,32.0
57.0,57.0
41.0,41.0
335.0,335.0
84.0,84.0
116.0,116.0
52.0,52.0
75.0,75.0
5.0,5.0
32.5,32.5
288.0,288.0
220.0,220.0
8.0,8.0
93.0,93.0
335.0,335.0
47.5,47.5
40.0,40.0
365.0,365.0
301.5,301.5
268.0,268.0
32.0,32.0
139.5,139.5
134.0,134.0
140.0,140.0
25.0,25.0
30.5,30.5
192.0,192.0
207.0,207.64212927806162
13.0,13.0
290.0,226.9488188057295
80.0,80.0
62.5,62.5
120.0,120.0
78.0,78.0
80.0,80.0
68.0,68.0
201.0,201.0
20.0,20.0
108.5,108.5
76.0,47.541653916511166
55.0,55.0
34.0,34.0
35.0,35.0
41.0,41.0
57.0,57.0
87.5,87.5
28.5,71.92681612836755
219.0,219.0
55.0,55.0
108.5,108.5
161.0,164.14845677122005
213.5,213.5
46.0,47.541653916511166
80.0,80.0
19.0,19.0
183.0,183.0
65.0,65.0
93.0,93.0
342.0,342.0
27.5,27.5
276.5,276.5
99.0,99.0
52.0,52.0
256.0,256.0
290.0,290.0
255.5,255.5
30.0,30.0
104.0,104.0
50.0,50.0
118.5,118.5
12.5,12.5
65.0,65.0
183.0,183.0
82.0,82.0
292.0,292.0
9.5,9.5
114.0,114.0
111.0,111.0
13.0,13.0
150.5,150.5
220.0,220.0
100.5,100.5
215.0,215.0
140.0,140.0
320.0,226.9488188057295
20.0,20.0
369.0,369.0
410.0,410.0
45.0,45.0
66.0,66.0
47.5,47.5
120.0,120.0
33.5,33.5
110.0,110.0
104.0,104.0
287.0,287.0
44.0,44.0
58.5,58.5
328.0,328.0
19.5,19.5
130.0,130.0
91.5,91.5
145.0,145.0
96.0,96.0
56.0,56.0
42.0,42.0
6.5,6.5
175.0,175.0
246.0,246.0
47.5,47.5
50.0,50.0
19.5,19.5
152.0,152.0
118.5,118.5
215.0,215.0
47.5,47.5
75.0,75.0
150.5,150.5
161.0,164.14845677122005
70.0,70.0
287.0,287.0
87.5,87.5
39.0,39.0
80.0,80.0
38.0,38.0
160.0,160.0
13.0,13.0
39.5,39.5
33.5,33.5
9.5,9.5
185.0,185.0
35.0,35.0
125.0,125.0
35.0,35.0
22.0,22.0
118.5,118.5
315.0,315.0
85.5,85.5
228.0,228.0
190.0,190.0
69.0,71.92681612836755
247.5,247.5
201.0,201.0
335.0,335.0
161.0,164.14845677122005
41.0,41.0
40.0,40.0
22.0,22.0
100.0,100.0
304.0,188.9434315670455
102.0,102.0
82.0,82.0
203.0,203.0
380.0,380.0
205.0,205.0
86.0,86.0
16.0,16.0
114.0,114.0
290.0,290.0
43.0,43.0
380.0,380.0
25.0,25.0
215.0,215.0
335.0,335.0
123.0,123.0
174.0,174.0
255.5,255.5
287.0,287.0
129.5,129.5
40.0,188.9434315670455
30.0,30.0
73.0,73.0
268.0,268.0
180.0,180.0
70.0,70.0
27.5,27.5
152.5,152.5
64.0,64.0
213.5,213.5
46.5,46.5
275.0,226.9488188057295
365.0,365.0
276.5,276.5
328.0,328.0
40.0,40.0
112.0,112.0
125.0,125.0
246.0,246.0
246.0,246.0
147.0,147.0
55.5,55.5
42.0,42.0
102.0,102.0
268.0,268.0
22.0,22.0
114.0,114.0
85.5,85.5
410.0,410.0
57.0,57.0
87.0,87.0
208.0,208.0
260.0,260.0
304.0,304.0
161.0,164.14845677122005
266.0,266.0
205.0,205.0
57.0,57.0
147.0,147.0
14.0,14.0
120.0,120.0
77.0,77.0
328.0,328.0
275.0,275.0
108.5,108.5
40.0,40.0
230.0,226.9488188057295
50.0,50.0
21.5,21.5
58.5,58.5
34.0,34.0
122.5,122.5
190.0,190.0
115.0,111.97754188155072
56.0,56.0
24.0,24.0
192.5,192.5
140.0,140.0
171.5,171.5
328.0,328.0
44.0,44.0
104.0,104.0
52.0,52.0
76.0,76.0
365.0,365.0
193.5,193.5
230.0,226.9488188057295
104.0,104.0
62.0,62.0
185.0,185.0
66.0,66.0
260.0,260.0
246.0,139.80566179357885
56.0,56.0
100.5,100.5
33.5,33.5
60.0,60.0
28.5,71.92681612836755
30.0,30.0
205.0,205.0
201.0,201.0
33.0,33.0
20.0,20.0
164.0,164.0
320.0,320.0
165.0,165.0
140.0,140.0
237.0,237.0
85.5,85.5
290.0,290.0
33.5,33.5
207.0,207.64212927806162
39.0,39.0
129.0,129.0
342.0,207.64212927806162
232.0,232.0
380.0,226.9488188057295
192.5,192.5
100.0,100.0
87.5,87.5
95.0,95.0
410.0,410.0
61.0,61.0
30.0,30.0
47.5,47.5
276.5,276.5
23.0,23.692811884371554
31.0,31.0
183.0,183.0
47.5,47.5
219.0,219.0
266.0,266.0
40.0,40.0
140.0,140.0
39.0,39.0
192.0,192.0
232.0,232.0
40.0,111.97754188155072
69.0,71.92681612836755
150.5,150.5
125.0,125.0
50.0,50.0
35.0,35.0
124.0,124.0
140.0,140.0
237.0,237.0
205.0,205.0
201.0,139.80566179357885
114.0,114.0
183.0,183.0
39.0,39.0
100.0,100.0
136.0,136.0
276.5,276.5
104.0,104.0
160.0,160.0
182.0,182.0
164.0,164.0
260.0,260.0
256.0,256.0
102.0,102.0
129.0,129.0
328.5,328.5
55.5,55.5
73.0,73.0
13.0,13.0
160.0,160.0
62.0,94.39223298722649
153.0,153.0
88.0,88.0
95.0,95.0
102.0,102.0
275.0,275.0
34.0,34.0
32.5,32.5
234.5,234.5
26.0,26.0
246.0,246.0
66.0,66.0
107.5,107.5
45.5,45.5
183.0,183.0
76.0,76.0
197.5,197.5
39.0,39.0
315.0,315.0
79.0,79.0
25.0,25.0
215.0,226.9488188057295
129.0,129.0
145.0,145.0
126.0,126.0
128.0,128.0
46.5,46.5
120.0,139.80566179357885
200.0,200.0
228.0,228.0
395.0,395.0
19.0,19.0
108.5,108.5
88.0,88.0
95.0,226.9488188057295
192.0,192.0
96.0,96.0
193.5,193.5
56.0,56.0
74.0,74.0
380.0,380.0
193.5,193.5
120.0,120.0
260.0,260.0
110.0,110.0
215.0,215.0
30.0,30.0
12.5,12.5
62.5,62.5
203.0,203.0
174.0,174.0
234.0,234.0
41.0,41.0
60.0,60.0
170.0,170.0
196.0,196.0
66.0,66.0
62.0,62.0
230.0,226.9488188057295
175.0,175.0
120.0,120.0
170.0,170.0
116.0,116.0
145.0,145.0
96.0,96.0
172.0,172.0
100.5,100.5
276.5,276.5
100.0,100.0
50.0,50.0
111.0,111.0
62.5,62.5
255.5,255.5
40.0,40.0
261.0,261.0
55.0,55.0
65.0,65.0
201.0,201.0
138.0,139.80566179357885
69.0,71.92681612836755
125.0,125.0
134.0,134.0
60.0,60.0
40.0,40.0
274.5,274.5
165.0,165.0
49.0,49.0
201.0,201.0
234.5,234.5
228.0,228.0
77.5,77.5
110.0,110.0
104.0,104.0
35.0,23.692811884371554
27.5,27.5
75.0,75.0
114.0,114.0
234.5,234.5
11.0,11.0
86.0,86.0
109.5,71.92681612836755
182.5,182.5
79.0,47.541653916511166
57.0,57.0
15.5,15.5
205.0,205.0
55.0,47.541653916511166
129.0,129.0
234.5,234.5
182.0,182.0
77.5,77.5
261.0,261.0
112.5,112.5
160.0,160.0
56.0,94.39223298722649
200.0,200.0
245.0,245.0
230.0,226.9488188057295
268.0,268.0
14.0,14.0
31.0,47.541653916511166
174.0,174.0
193.5,207.64212927806162
255.5,255.5
79.0,79.0
164.0,164.0
174.0,174.0
145.0,145.0
64.0,64.0
67.0,67.0
48.0,48.0
167.5,167.5
73.0,73.0
305.0,305.0
190.0,190.0
5.0,5.0
129.0,129.0
171.5,171.5
88.0,88.0
92.0,94.39223298722649
104.0,104.0
203.0,203.0
88.0,88.0
32.0,32.0
335.0,335.0
244.0,244.0
180.0,180.0
165.0,165.0
15.5,15.5
44.0,94.39223298722649
37.0,37.0
33.5,33.5
15.5,15.5
49.0,49.0
172.0,172.0
49.0,49.0
247.5,247.5
77.0,77.0
220.0,220.0
12.5,12.5
36.5,36.5
172.0,172.0
92.5,92.5
207.0,207.64212927806162
219.0,219.0
215.0,215.0
201.0,201.0
91.5,91.5
57.0,57.0
87.5,87.5
30.5,30.5
129.5,129.5
32.0,32.0
247.5,247.5
174.0,174.0
80.0,80.0
208.0,208.0
207.0,207.64212927806162
166.5,166.5
93.0,93.0
30.0,30.0
38.0,38.0
134.0,134.0
136.0,136.0
62.5,62.5
124.0,124.0
25.0,25.0
328.5,328.5
201.0,201.0
128.0,128.0
140.0,140.0
219.0,219.0
67.0,67.0
55.0,55.0
146.0,146.0
220.5,220.5
80.0,226.9488188057295
36.5,36.5
110.0,110.0
33.0,33.0
147.0,147.0
82.5,82.5
301.5,301.5
58.5,58.5
130.0,130.0
39.0,39.0
40.0,40.0
68.0,68.0
68.0,68.0
105.0,105.0
23.0,23.692811884371554
24.5,24.5
158.0,158.0
78.0,71.92681612836755
100.0,100.0
87.0,87.0
34.0,34.0
167.5,167.5
288.0,288.0
193.5,193.5
75.0,75.0
37.5,37.5
170.0,170.0
129.0,129.0
174.0,174.0
28.5,71.92681612836755
165.0,165.0
246.0,246.0
208.0,208.0
32.5,32.5
174.0,174.0
316.0,316.0
33.5,33.5
192.5,192.5
46.5,46.5
37.5,37.5
201.0,201.0
128.0,128.0
98.0,98.0
153.0,153.0
158.0,158.0
246.0,246.0
160.0,160.0
110.0,110.0
33.5,33.5
111.0,111.0
175.0,175.0
210.0,210.0
147.0,147.0
48.0,48.0
56.0,56.0
102.0,102.0
11.0,11.0
73.5,73.5
205.0,205.0
20.0,20.0
184.0,188.9434315670455
22.0,22.0
62.0,62.0
246.0,246.0
109.5,109.5
116.0,116.0
219.0,219.0
350.0,350.0
201.0,201.0
342.0,342.0
100.5,100.5
146.0,146.0
138.0,139.80566179357885
369.0,369.0
112.5,112.5
139.5,139.5
410.0,410.0
320.0,320.0
20.0,20.0
38.0,38.0
192.0,192.0
100.5,100.5
99.0,99.0
152.5,152.5
328.5,328.5
19.0,19.0
35.0,35.0
148.0,148.0
160.0,160.0
365.0,365.0
170.0,170.0
260.0,260.0
42.0,42.0
111.0,111.0
230.0,226.9488188057295
49.0,49.0
184.0,188.9434315670455
207.0,207.64212927806162
20.0,20.0
73.0,73.0
27.5,27.5
147.0,147.0
35.0,164.14845677122005
104.0,104.0
161.0,164.14845677122005
36.5,36.5
219.0,219.0
98.0,164.14845677122005
100.5,100.5
276.5,276.5
234.5,234.5
25.0,47.541653916511166
78.0,78.0
320.0,320.0
93.0,93.0
148.0,148.0
13.0,13.0
55.0,55.0
9.5,9.5
66.0,66.0
220.0,220.0
175.0,175.0
172.0,172.0
180.0,180.0
120.0,120.0
140.0,140.0
230.0,226.9488188057295
64.5,64.5
108.5,108.5
102.0,102.0
96.0,96.0
99.0,99.0
43.0,43.0
16.0,16.0
160.0,160.0
28.5,28.5
234.5,234.5
165.0,165.0
100.5,100.5
58.5,58.5
128.0,128.0
56.0,56.0
256.0,256.0
16.0,16.0
56.0,56.0
76.0,76.0
98.0,98.0
105.0,105.0
208.0,208.0
193.5,193.5
20.0,20.0
128.0,128.0
15.5,15.5
30.5,30.5
128.0,128.0
51.0,71.92681612836755
77.5,77.5
25.0,25.0
174.0,174.0
369.0,369.0
112.5,207.64212927806162
21.5,21.5
98.0,164.14845677122005
122.0,122.0
111.0,111.0
51.0,51.0
46.5,46.5
129.0,129.0
165.0,165.0
171.5,171.5
15.5,15.5
68.0,68.0
166.5,166.5
67.0,67.0
96.0,96.0
237.0,237.0
355.5,355.5
37.0,37.0
33.5,33.5
180.0,180.0
50.0,50.0
80.0,80.0
18.5,18.5
15.0,15.0
93.0,93.0
98.0,98.0
260.0,260.0
60.0,60.0
80.0,80.0
215.0,215.0
8.0,8.0
287.0,287.0
68.0,68.0
182.5,182.5
175.0,175.0
35.0,35.0
224.0,224.0
100.0,100.0
31.0,31.0
50.0,50.0
78.0,78.0
102.0,102.0
33.0,33.0
164.0,164.0
73.5,73.5
116.0,116.0
88.0,88.0
32.0,32.0
10.0,10.0
52.0,52.0
290.0,290.0
64.5,64.5
207.0,207.64212927806162
37.5,37.5
342.0,342.0
185.0,185.0
114.0,114.0
49.0,49.0
30.5,30.5
335.0,335.0
166.5,166.5
164.0,164.0
122.5,122.5
76.0,76.0
268.0,268.0
369.0,369.0
110.0,110.0
190.0,190.0
120.0,120.0
305.0,305.0
119.0,119.0
95.0,226.9488188057295
69.0,71.92681612836755
156.0,156.0
64.0,64.0
224.0,224.0
260.0,260.0
33.5,33.5
120.0,120.0
301.5,301.5
27.5,27.5
171.5,171.5
118.5,118.5
110.0,110.0
78.0,78.0
146.0,146.0
137.5,137.5
301.5,301.5
73.5,73.5
232.0,232.0
140.0,140.0
50.0,50.0
246.0,139.80566179357885
55.5,55.5
24.5,24.5
219.0,219.0
43.0,43.0
